message,link
Check out our latest cocktail recipe #bittercube #drinkoftheday, http://bittercube.com/recipes/a-better-manhattan
Check out our latest cocktail recipe #bittercube #drinkoftheday, http://bittercube.com/recipes/airmail
Check out our latest cocktail recipe #bittercube #drinkoftheday, http://bittercube.com/recipes/aka-hawaiian-pizza
Check out our latest cocktail recipe #bittercube #drinkoftheday, http://bittercube.com/recipes/alaska
Check out our latest cocktail recipe #bittercube #drinkoftheday, http://bittercube.com/recipes/alchermes-sour
Check out our latest cocktail recipe #bittercube #drinkoftheday, http://bittercube.com/recipes/americano-1
Check out our latest cocktail recipe #bittercube #drinkoftheday, http://bittercube.com/recipes/andean-condor
Check out our latest cocktail recipe #bittercube #drinkoftheday, http://bittercube.com/recipes/aviation
Check out our latest cocktail recipe #bittercube #drinkoftheday, http://bittercube.com/recipes/babel-fish-2
Check out our latest cocktail recipe #bittercube #drinkoftheday, http://bittercube.com/recipes/baker-rifle
Check out our latest cocktail recipe #bittercube #drinkoftheday, http://bittercube.com/recipes/batida-rosa
Check out our latest cocktail recipe #bittercube #drinkoftheday, http://bittercube.com/recipes/bees-knees
Check out our latest cocktail recipe #bittercube #drinkoftheday, http://bittercube.com/recipes/bellini-fizz
Check out our latest cocktail recipe #bittercube #drinkoftheday, http://bittercube.com/recipes/between-the-sheets
Check out our latest cocktail recipe #bittercube #drinkoftheday, http://bittercube.com/recipes/bicicletta
Check out our latest cocktail recipe #bittercube #drinkoftheday, http://bittercube.com/recipes/bijou
Check out our latest cocktail recipe #bittercube #drinkoftheday, http://bittercube.com/recipes/black-manhattan
Check out our latest cocktail recipe #bittercube #drinkoftheday, http://bittercube.com/recipes/blood-and-sand
Check out our latest cocktail recipe #bittercube #drinkoftheday, http://bittercube.com/recipes/boulevardier
Check out our latest cocktail recipe #bittercube #drinkoftheday, http://bittercube.com/recipes/breaking-heat
Check out our latest cocktail recipe #bittercube #drinkoftheday, http://bittercube.com/recipes/caipirinha
Check out our latest cocktail recipe #bittercube #drinkoftheday, http://bittercube.com/recipes/captain-truman
Check out our latest cocktail recipe #bittercube #drinkoftheday, http://bittercube.com/recipes/carne-asada-marinade
Check out our latest cocktail recipe #bittercube #drinkoftheday, http://bittercube.com/recipes/cast-away
Check out our latest cocktail recipe #bittercube #drinkoftheday, http://bittercube.com/recipes/celebration-sour
Check out our latest cocktail recipe #bittercube #drinkoftheday, http://bittercube.com/recipes/champs-elysee
Check out our latest cocktail recipe #bittercube #drinkoftheday, http://bittercube.com/recipes/chocolate-martini
Check out our latest cocktail recipe #bittercube #drinkoftheday, http://bittercube.com/recipes/clover-club
Check out our latest cocktail recipe #bittercube #drinkoftheday, http://bittercube.com/recipes/corpse-reviver-2
Check out our latest cocktail recipe #bittercube #drinkoftheday, http://bittercube.com/recipes/cosmopolitan
Check out our latest cocktail recipe #bittercube #drinkoftheday, http://bittercube.com/recipes/creme-de-flora-sour
Check out our latest cocktail recipe #bittercube #drinkoftheday, http://bittercube.com/recipes/daiquiri
Check out our latest cocktail recipe #bittercube #drinkoftheday, http://bittercube.com/recipes/dark-stormy
Check out our latest cocktail recipe #bittercube #drinkoftheday, http://bittercube.com/recipes/death-in-the-afternoon
Check out our latest cocktail recipe #bittercube #drinkoftheday, http://bittercube.com/recipes/diamonds-and-pearls
Check out our latest cocktail recipe #bittercube #drinkoftheday, http://bittercube.com/recipes/el-presidente
Check out our latest cocktail recipe #bittercube #drinkoftheday, http://bittercube.com/recipes/french-75
Check out our latest cocktail recipe #bittercube #drinkoftheday, http://bittercube.com/recipes/genepy-sour
Check out our latest cocktail recipe #bittercube #drinkoftheday, http://bittercube.com/recipes/gimlet
Check out our latest cocktail recipe #bittercube #drinkoftheday, http://bittercube.com/recipes/gin-rickey
Check out our latest cocktail recipe #bittercube #drinkoftheday, http://bittercube.com/recipes/green-isaacs-special
Check out our latest cocktail recipe #bittercube #drinkoftheday, http://bittercube.com/recipes/heirloom-mai-tai
Check out our latest cocktail recipe #bittercube #drinkoftheday, http://bittercube.com/recipes/hemingway-daiquiri
Check out our latest cocktail recipe #bittercube #drinkoftheday, http://bittercube.com/recipes/hot-toddy
Check out our latest cocktail recipe #bittercube #drinkoftheday, http://bittercube.com/recipes/im-not-wearing-a-bra
Check out our latest cocktail recipe #bittercube #drinkoftheday, http://bittercube.com/recipes/irish-rook
Check out our latest cocktail recipe #bittercube #drinkoftheday, http://bittercube.com/recipes/irresistible-bitch
Check out our latest cocktail recipe #bittercube #drinkoftheday, http://bittercube.com/recipes/jack-rose
Check out our latest cocktail recipe #bittercube #drinkoftheday, http://bittercube.com/recipes/jackson-pollock
Check out our latest cocktail recipe #bittercube #drinkoftheday, http://bittercube.com/recipes/jerk-chicken
Check out our latest cocktail recipe #bittercube #drinkoftheday, http://bittercube.com/recipes/la-femme-rouge
Check out our latest cocktail recipe #bittercube #drinkoftheday, http://bittercube.com/recipes/la-vicu%C3%B1a
Check out our latest cocktail recipe #bittercube #drinkoftheday, http://bittercube.com/recipes/labradoodle
Check out our latest cocktail recipe #bittercube #drinkoftheday, http://bittercube.com/recipes/last-word
Check out our latest cocktail recipe #bittercube #drinkoftheday, http://bittercube.com/recipes/london-dry-gin-martini
Check out our latest cocktail recipe #bittercube #drinkoftheday, http://bittercube.com/recipes/long-island-iced-tea
Check out our latest cocktail recipe #bittercube #drinkoftheday, http://bittercube.com/recipes/lost-luggage
Check out our latest cocktail recipe #bittercube #drinkoftheday, http://bittercube.com/recipes/lulu
Check out our latest cocktail recipe #bittercube #drinkoftheday, http://bittercube.com/recipes/mai-tai
Check out our latest cocktail recipe #bittercube #drinkoftheday, http://bittercube.com/recipes/margarita
Check out our latest cocktail recipe #bittercube #drinkoftheday, http://bittercube.com/recipes/martinez
Check out our latest cocktail recipe #bittercube #drinkoftheday, http://bittercube.com/recipes/mason-dixon
Check out our latest cocktail recipe #bittercube #drinkoftheday, http://bittercube.com/recipes/maximillian-affair
Check out our latest cocktail recipe #bittercube #drinkoftheday, http://bittercube.com/recipes/melon-mimosa
Check out our latest cocktail recipe #bittercube #drinkoftheday, http://bittercube.com/recipes/mimosa
Check out our latest cocktail recipe #bittercube #drinkoftheday, http://bittercube.com/recipes/mint-julep
Check out our latest cocktail recipe #bittercube #drinkoftheday, http://bittercube.com/recipes/miserable-bastard-2
Check out our latest cocktail recipe #bittercube #drinkoftheday, http://bittercube.com/recipes/modern-gin-martini
Check out our latest cocktail recipe #bittercube #drinkoftheday, http://bittercube.com/recipes/mojito
Check out our latest cocktail recipe #bittercube #drinkoftheday, http://bittercube.com/recipes/monk-life
Check out our latest cocktail recipe #bittercube #drinkoftheday, http://bittercube.com/recipes/moscow-mule
Check out our latest cocktail recipe #bittercube #drinkoftheday, http://bittercube.com/recipes/negroni
Check out our latest cocktail recipe #bittercube #drinkoftheday, http://bittercube.com/recipes/northern-martini
Check out our latest cocktail recipe #bittercube #drinkoftheday, http://bittercube.com/recipes/oaxacan-old-fashioned
Check out our latest cocktail recipe #bittercube #drinkoftheday, http://bittercube.com/recipes/old-towne-sling
Check out our latest cocktail recipe #bittercube #drinkoftheday, http://bittercube.com/recipes/oldest-pal
Check out our latest cocktail recipe #bittercube #drinkoftheday, http://bittercube.com/recipes/one-inch-punch
Check out our latest cocktail recipe #bittercube #drinkoftheday, http://bittercube.com/recipes/orange-vinaigrette
Check out our latest cocktail recipe #bittercube #drinkoftheday, http://bittercube.com/recipes/over-the-sea
Check out our latest cocktail recipe #bittercube #drinkoftheday, http://bittercube.com/recipes/penicillin
Check out our latest cocktail recipe #bittercube #drinkoftheday, http://bittercube.com/recipes/perfect-martinez
Check out our latest cocktail recipe #bittercube #drinkoftheday, http://bittercube.com/recipes/pimms-cup
Check out our latest cocktail recipe #bittercube #drinkoftheday, http://bittercube.com/recipes/pina-colada
Check out our latest cocktail recipe #bittercube #drinkoftheday, http://bittercube.com/recipes/pineapple-amaro-sour
Check out our latest cocktail recipe #bittercube #drinkoftheday, http://bittercube.com/recipes/pisco-sour
Check out our latest cocktail recipe #bittercube #drinkoftheday, http://bittercube.com/recipes/ramos-gin-fizz
Check out our latest cocktail recipe #bittercube #drinkoftheday, http://bittercube.com/recipes/red-hook
Check out our latest cocktail recipe #bittercube #drinkoftheday, http://bittercube.com/recipes/remember-the-maine
Check out our latest cocktail recipe #bittercube #drinkoftheday, http://bittercube.com/recipes/rob-roy
Check out our latest cocktail recipe #bittercube #drinkoftheday, http://bittercube.com/recipes/rocket-squirrel
Check out our latest cocktail recipe #bittercube #drinkoftheday, http://bittercube.com/recipes/royal-hawaiian
Check out our latest cocktail recipe #bittercube #drinkoftheday, http://bittercube.com/recipes/sazerac
Check out our latest cocktail recipe #bittercube #drinkoftheday, http://bittercube.com/recipes/scotch-old-fashioned
Check out our latest cocktail recipe #bittercube #drinkoftheday, http://bittercube.com/recipes/sidecar
Check out our latest cocktail recipe #bittercube #drinkoftheday, http://bittercube.com/recipes/silk-sheets
Check out our latest cocktail recipe #bittercube #drinkoftheday, http://bittercube.com/recipes/singapore-sling
Check out our latest cocktail recipe #bittercube #drinkoftheday, http://bittercube.com/recipes/six-corner-sling
Check out our latest cocktail recipe #bittercube #drinkoftheday, http://bittercube.com/recipes/sling-of-sorts
Check out our latest cocktail recipe #bittercube #drinkoftheday, http://bittercube.com/recipes/sling
Check out our latest cocktail recipe #bittercube #drinkoftheday, http://bittercube.com/recipes/smoke-stormy
Check out our latest cocktail recipe #bittercube #drinkoftheday, http://bittercube.com/recipes/smoky-laflare
Check out our latest cocktail recipe #bittercube #drinkoftheday, http://bittercube.com/recipes/stinger
Check out our latest cocktail recipe #bittercube #drinkoftheday, http://bittercube.com/recipes/strawberry-manhattan
Check out our latest cocktail recipe #bittercube #drinkoftheday, http://bittercube.com/recipes/sweet-life-by-frank-ocean
Check out our latest cocktail recipe #bittercube #drinkoftheday, http://bittercube.com/recipes/the-bluejay
Check out our latest cocktail recipe #bittercube #drinkoftheday, http://bittercube.com/recipes/the-fall-of-75
Check out our latest cocktail recipe #bittercube #drinkoftheday, http://bittercube.com/recipes/the-fall-of-temperance
Check out our latest cocktail recipe #bittercube #drinkoftheday, http://bittercube.com/recipes/the-giant-killer
Check out our latest cocktail recipe #bittercube #drinkoftheday, http://bittercube.com/recipes/the-iroquois
Check out our latest cocktail recipe #bittercube #drinkoftheday, http://bittercube.com/recipes/the-old-fashioned
Check out our latest cocktail recipe #bittercube #drinkoftheday, http://bittercube.com/recipes/the-scarlet-pimpernel
Check out our latest cocktail recipe #bittercube #drinkoftheday, http://bittercube.com/recipes/tom-collins
Check out our latest cocktail recipe #bittercube #drinkoftheday, http://bittercube.com/recipes/toronto
Check out our latest cocktail recipe #bittercube #drinkoftheday, http://bittercube.com/recipes/untitled-unmastered-track-2
Check out our latest cocktail recipe #bittercube #drinkoftheday, http://bittercube.com/recipes/vesper-sparrow
Check out our latest cocktail recipe #bittercube #drinkoftheday, http://bittercube.com/recipes/vesper
Check out our latest cocktail recipe #bittercube #drinkoftheday, http://bittercube.com/recipes/vieux-carre
Check out our latest cocktail recipe #bittercube #drinkoftheday, http://bittercube.com/recipes/vodka-martini
Check out our latest cocktail recipe #bittercube #drinkoftheday, http://bittercube.com/recipes/wisco-old-fashioned
Check out our latest cocktail recipe #bittercube #drinkoftheday, http://bittercube.com/recipes/yamato-sling
