recipe,image
A Better Manhattan, http://bittercube.com/uploads/recipes/Better_Manhattan.jpg
Airmail, http://bittercube.com/uploads/recipes/Airmail.jpg
AKA Hawaiian Pizza, http://bittercube.com/uploads/hawaiian-pizza.jpg
Alaska, http://bittercube.com/uploads/alaska-2.jpg
Alchermes Sour, http://bittercube.com/uploads/alchermes-sour2.jpg
Americano No.1, http://bittercube.com/uploads/recipes/Americano.jpg
Andean Condor, http://bittercube.com/uploads/recipes/Andean_Condor.jpg
Aviation, http://bittercube.com/uploads/recipes/Aviation.jpg
Babel Fish No.2, http://bittercube.com/uploads/recipes/Babel_Fish.jpg
Baker Rifle, http://bittercube.com/uploads/baker-rifle.jpg
Batida Rosa, http://bittercube.com/uploads/recipes/Batida_Rosa.jpg
Bee’s Knees, http://bittercube.com/uploads/recipes/Bees_Knees.jpg
Bellini Fizz, http://bittercube.com/uploads/recipes/Bellini_Fizz.jpg
Between the Sheets, http://bittercube.com/uploads/recipes/Between_The_Sheets.jpg
Bicicletta, http://bittercube.com/uploads/recipes/Bicicleta.jpg
Bijou, http://bittercube.com/uploads/bijou-2.jpg
Black Manhattan, http://bittercube.com/uploads/black-manhattan.jpg
Blood and Sand, http://bittercube.com/uploads/recipes/Blood_&_Sand.jpg
Boulevardier, http://bittercube.com/uploads/recipes/Boulevardier_s1.2.jpg
Breaking Heat, http://bittercube.com/uploads/recipes/Breaking_Heat.jpg
Caipirinha, http://bittercube.com/uploads/recipes/Caipirinha.jpg
Captain Truman, http://bittercube.com/uploads/recipes/Captain_Truman.jpg
Carne Asada Marinade, http://bittercube.com/uploads/carneasada---copy.jpg
Cast Away, http://bittercube.com/uploads/cast-away1.jpg
Celebration Sour, http://bittercube.com/uploads/recipes/Celebration_Sour.jpg
Champs Elysee, http://bittercube.com/uploads/recipes/Champs_Elysee.jpg
Chocolate Martini, http://bittercube.com/uploads/recipes/Chocolate_Martini.jpg
Clover Club, http://bittercube.com/uploads/recipes/Clover_Club.jpg
Corpse Reviver No.2, http://bittercube.com/uploads/recipes/Corpse_Reviver.jpg
Cosmopolitan, http://bittercube.com/uploads/recipes/Cosmopolitan.jpg
Creme de Flora Sour, http://bittercube.com/uploads/cdf-sour2.jpg
Daiquiri, http://bittercube.com/uploads/recipes/Daiquiri.jpg
Dark and Stormy, http://bittercube.com/uploads/recipes/Dark_Stormy.jpg
Death in the Afternoon, http://bittercube.com/uploads/recipes/Death_in_the_Afternoon.jpg
Diamonds and Pearls, http://bittercube.com/uploads/recipes/Diamonds_And_Pearls.jpg
El Presidente, http://bittercube.com/uploads/recipes/El_Presidente.jpg
French 75, http://bittercube.com/uploads/recipes/French_75.jpg
Genepy Sour, http://bittercube.com/uploads/genepy-sour-2.jpg
Gimlet, http://bittercube.com/uploads/recipes/Gimlet.jpg
Gin Rickey, http://bittercube.com/uploads/recipes/Gin_Rickey.jpg
Green Isaac’s Special, http://bittercube.com/uploads/recipes/Green_Isaacs_Special.jpg
Heirloom Mai Tai, http://bittercube.com/uploads/maitai.jpg
Hemingway Daiquiri, http://bittercube.com/uploads/recipes/Hemingway_Daiquiri.jpg
Hot Toddy, http://bittercube.com/uploads/recipes/Hot_Toddy.jpg
I’m Not Wearing a Bra, http://bittercube.com/uploads/recipes/Not_Wearing_A_Bra.jpg
Irish Rook, http://bittercube.com/uploads/recipes/Irish_Rook.jpg
Irresistible Bitch, http://bittercube.com/uploads/recipes/Irresistable_Bitch.jpg
Jack Rose, http://bittercube.com/uploads/recipes/Jack_Rose.jpg
Jackson Pollock, http://bittercube.com/uploads/recipes/Jackson_Pollock.jpg
Jerk Chicken Marinade, http://bittercube.com/uploads/jerkchicken.JPG
La Femme Rouge, http://bittercube.com/uploads/recipes/La_Femme_Rouge.jpg
La Vicuña, http://bittercube.com/uploads/recipes/La_Vicuna.jpg
Labradoodle, http://bittercube.com/uploads/recipes/Labradoodle.jpg
Last Word, http://bittercube.com/uploads/recipes/Last_Word.jpg
London Dry Gin Martini, http://bittercube.com/uploads/recipes/London_Dry_Martini.jpg
Long Island Iced Tea, http://bittercube.com/uploads/recipes/Long_Island_Iced_Tea.jpg
Lost Luggage, http://bittercube.com/uploads/recipes/Lost_Luggage.jpg
Lulu, http://bittercube.com/uploads/recipes/Lulu.jpg
Mai Tai, http://bittercube.com/uploads/recipes/Mai_Tai.jpg
Margarita, http://bittercube.com/uploads/recipes/Margarita.jpg
Martinez, http://bittercube.com/uploads/recipes/Martinez.jpg
Mason Dixon, http://bittercube.com/uploads/mason-dixon.jpg
Maximillian Affair, http://bittercube.com/uploads/recipes/Maximillian_Affair.jpg
Melon Mimosa, http://bittercube.com/uploads/recipes/Melon_Mimosa.jpg
Mimosa, http://bittercube.com/uploads/recipes/Mimosa.jpg
Mint Julep, http://bittercube.com/uploads/recipes/Mint_Julep.jpg
Miserable Bastard No.2, http://bittercube.com/uploads/recipes/Miserable_Bastard.jpg
Modern Gin Martini, http://bittercube.com/uploads/recipes/Modern_Martini.jpg
Mojito, http://bittercube.com/uploads/recipes/Mojito.jpg
Monk Life, http://bittercube.com/uploads/recipes/Monk_Life.jpg
Moscow Mule, http://bittercube.com/uploads/recipes/Moscow_Mule.jpg
Negroni, http://bittercube.com/uploads/recipes/Negroni.jpg
Northern Martini, http://bittercube.com/uploads/recipes/Northern_Martini.jpg
Oaxacan Old Fashioned, http://bittercube.com/uploads/recipes/Oaxacan_Old_Fashioned.jpg
Old Towne Sling, http://bittercube.com/uploads/recipes/Olde_Town_Sling.jpg
Oldest Pal, http://bittercube.com/uploads/old-pal-1.jpg
One Inch Punch, http://bittercube.com/uploads/recipes/One_Inch_Punch.jpg
Orange Vinaigrette, http://bittercube.com/uploads/mark.jpg
Over the Sea, http://bittercube.com/uploads/recipes/Over_The_Sea.jpg
Penicillin, http://bittercube.com/uploads/recipes/Penicillan.jpg
Perfect Martinez, http://bittercube.com/uploads/recipes/Perfect_Martinez.jpg
Pimm’s Cup, http://bittercube.com/uploads/recipes/Pimms_Cup.jpg
Pina Colada, http://bittercube.com/uploads/pinacolada.jpg
Pineapple Amaro Sour, http://bittercube.com/uploads/pina-sour1.jpg
Pisco Sour, http://bittercube.com/uploads/recipes/Pisco_Sour.jpg
Ramos Gin Fizz, http://bittercube.com/uploads/recipes/Ramos_Gin_Fizz.jpg
Red Hook, http://bittercube.com/uploads/recipes/Red_Hook.jpg
Remember the Maine, http://bittercube.com/uploads/recipes/Remember_The_Maine.jpg
Rob Roy, http://bittercube.com/uploads/recipes/Rob_Roy.jpg
Rocket Squirrel, http://bittercube.com/uploads/recipes/Rocket_Squirrel.jpg
Royal Hawaiian, http://bittercube.com/uploads/recipes/Royal_Hawaiian.jpg
Sazerac, http://bittercube.com/uploads/recipes/Sazerac.jpg
Scotch Old Fashioned, http://bittercube.com/uploads/recipes/Scotch_Old_Fashioned.jpg
Sidecar, http://bittercube.com/uploads/recipes/Sidecar.jpg
Silk Sheets, http://bittercube.com/uploads/silk-sheets-1.jpg
Singapore Sling, http://bittercube.com/uploads/recipes/Singapore_Sling.jpg
Six Corner Sling, http://bittercube.com/uploads/recipes/Six_Corner_Sling.jpg
Sling of Sorts, http://bittercube.com/uploads/recipes/Sling_of_Sorts.jpg
Sling, http://bittercube.com/uploads/recipes/Sling.jpg
Smoke & Stormy, http://bittercube.com/uploads/recipes/Smoke_Stormy.jpg
Smoky LaFlare, http://bittercube.com/uploads/smoky-laflare-1.jpg
Stinger, http://bittercube.com/uploads/stinger-2.jpg
Strawberry Manhattan, http://bittercube.com/uploads/recipes/Strawberry_Manhattan-2.jpg
Sweet Life by Frank Ocean, http://bittercube.com/uploads/recipes/Sweet_Life_by_Frank_Ocean-2.jpg
The Bluejay, http://bittercube.com/uploads/recipes/The_Bluejay.JPG
The Fall of ‘75, http://bittercube.com/uploads/recipes/Fall_of_75.jpg
The Fall of Temperance, http://bittercube.com/uploads/recipes/Fall_of_Temperance-2.jpg
The Giant Killer, http://bittercube.com/uploads/recipes/The_Giant_Killer.jpg
The Iroquois, http://bittercube.com/uploads/iroquois1.jpg
The Old Fashioned, http://bittercube.com/uploads/img-5230.JPG
The Scarlet Pimpernel, http://bittercube.com/uploads/recipes/Scarlet_Pimpernel.jpg
Tom Collins, http://bittercube.com/uploads/recipes/Tom_Collins.jpg
Toronto, http://bittercube.com/uploads/recipes/Toronto.jpg
Untitled, Unmastered: Track 2, http://bittercube.com/uploads/recipes/Untitled_Unmastered_Track_2.jpg
Vesper Sparrow, http://bittercube.com/uploads/vesper-sparrow-1.jpg
Vesper, http://bittercube.com/uploads/recipes/Vesper.jpg
Vieux Carre, http://bittercube.com/uploads/recipes/Vieux_Carre.jpg
Vodka Martini, http://bittercube.com/uploads/recipes/Vodka_Martini.jpg
Wisco Old Fashioned, http://bittercube.com/uploads/recipes/Wisconsin_Old_Fashioned.jpg
Yamato Sling, http://bittercube.com/uploads/recipes/Yamato_Sling.jpg
